[
	{
		"inputs": [],
		"stateMutability": "nonpayable",
		"type": "constructor"
	},
	{
		"anonymous": false,
		"inputs": [
			{
				"indexed": true,
				"internalType": "address",
				"name": "user",
				"type": "address"
			},
			{
				"indexed": true,
				"internalType": "uint256",
				"name": "period",
				"type": "uint256"
			},
			{
				"indexed": true,
				"internalType": "uint256",
				"name": "amount",
				"type": "uint256"
			}
		],
		"name": "Deposit",
		"type": "event"
	},
	{
		"anonymous": false,
		"inputs": [
			{
				"indexed": true,
				"internalType": "address",
				"name": "user",
				"type": "address"
			},
			{
				"indexed": true,
				"internalType": "uint256",
				"name": "period",
				"type": "uint256"
			},
			{
				"indexed": true,
				"internalType": "uint256",
				"name": "withdrawalAmount",
				"type": "uint256"
			},
			{
				"indexed": false,
				"internalType": "uint256",
				"name": "penaltyAmount",
				"type": "uint256"
			},
			{
				"indexed": false,
				"internalType": "uint256",
				"name": "rewardAmount",
				"type": "uint256"
			}
		],
		"name": "EmergencyWithdraw",
		"type": "event"
	},
	{
		"anonymous": false,
		"inputs": [
			{
				"indexed": true,
				"internalType": "address",
				"name": "feeCollector",
				"type": "address"
			}
		],
		"name": "FeeCollectorSet",
		"type": "event"
	},
	{
		"inputs": [
			{
				"internalType": "contract IERC20",
				"name": "stakedToken_",
				"type": "address"
			},
			{
				"internalType": "contract IERC20",
				"name": "rewardToken_",
				"type": "address"
			},
			{
				"internalType": "uint256",
				"name": "rewardPerSecond_",
				"type": "uint256"
			},
			{
				"internalType": "uint256",
				"name": "startTime_",
				"type": "uint256"
			},
			{
				"internalType": "uint256",
				"name": "endTime_",
				"type": "uint256"
			},
			{
				"internalType": "uint256[]",
				"name": "timePeriods_",
				"type": "uint256[]"
			},
			{
				"internalType": "uint256[]",
				"name": "penalties_",
				"type": "uint256[]"
			},
			{
				"internalType": "uint256[]",
				"name": "fixedAPYs_",
				"type": "uint256[]"
			},
			{
				"internalType": "address",
				"name": "admin_",
				"type": "address"
			}
		],
		"name": "initialize",
		"outputs": [],
		"stateMutability": "nonpayable",
		"type": "function"
	},
	{
		"inputs": [
			{
				"internalType": "uint256",
				"name": "stakeFeePercent_",
				"type": "uint256"
			},
			{
				"internalType": "address",
				"name": "feeCollector_",
				"type": "address"
			}
		],
		"name": "initializeFee",
		"outputs": [],
		"stateMutability": "nonpayable",
		"type": "function"
	},
	{
		"inputs": [
			{
				"internalType": "uint256",
				"name": "amount_",
				"type": "uint256"
			}
		],
		"name": "injectLiquidity",
		"outputs": [],
		"stateMutability": "nonpayable",
		"type": "function"
	},
	{
		"anonymous": false,
		"inputs": [
			{
				"indexed": true,
				"internalType": "bool",
				"name": "isEarlyWithdrawAllowed",
				"type": "bool"
			}
		],
		"name": "IsEarlyWithdrawAllowedSet",
		"type": "event"
	},
	{
		"anonymous": false,
		"inputs": [
			{
				"indexed": true,
				"internalType": "address",
				"name": "previousOwner",
				"type": "address"
			},
			{
				"indexed": true,
				"internalType": "address",
				"name": "newOwner",
				"type": "address"
			}
		],
		"name": "OwnershipTransferred",
		"type": "event"
	},
	{
		"inputs": [],
		"name": "renounceOwnership",
		"outputs": [],
		"stateMutability": "nonpayable",
		"type": "function"
	},
	{
		"inputs": [
			{
				"internalType": "address",
				"name": "feeCollector_",
				"type": "address"
			}
		],
		"name": "setFeeCollector",
		"outputs": [],
		"stateMutability": "nonpayable",
		"type": "function"
	},
	{
		"inputs": [
			{
				"internalType": "bool",
				"name": "isEarlyWithdrawAllowed_",
				"type": "bool"
			}
		],
		"name": "setIsEarlyWithdrawAllowed",
		"outputs": [],
		"stateMutability": "nonpayable",
		"type": "function"
	},
	{
		"inputs": [
			{
				"internalType": "uint256",
				"name": "stakeFeePercent_",
				"type": "uint256"
			}
		],
		"name": "setStakeFeePercent",
		"outputs": [],
		"stateMutability": "nonpayable",
		"type": "function"
	},
	{
		"anonymous": false,
		"inputs": [
			{
				"indexed": true,
				"internalType": "uint256",
				"name": "stakeFeePercent",
				"type": "uint256"
			}
		],
		"name": "StakeFeePercentSet",
		"type": "event"
	},
	{
		"anonymous": false,
		"inputs": [
			{
				"indexed": true,
				"internalType": "contract IERC20",
				"name": "stakedToken",
				"type": "address"
			},
			{
				"indexed": true,
				"internalType": "contract IERC20",
				"name": "rewardToken",
				"type": "address"
			},
			{
				"indexed": false,
				"internalType": "uint256",
				"name": "rewardPerSecond",
				"type": "uint256"
			},
			{
				"indexed": false,
				"internalType": "uint256",
				"name": "startTime",
				"type": "uint256"
			},
			{
				"indexed": false,
				"internalType": "uint256",
				"name": "endTime",
				"type": "uint256"
			},
			{
				"indexed": false,
				"internalType": "uint256[]",
				"name": "timePeriods",
				"type": "uint256[]"
			},
			{
				"indexed": false,
				"internalType": "uint256[]",
				"name": "penalties",
				"type": "uint256[]"
			},
			{
				"indexed": false,
				"internalType": "uint256[]",
				"name": "fixedAPYs",
				"type": "uint256[]"
			},
			{
				"indexed": false,
				"internalType": "address",
				"name": "admin",
				"type": "address"
			},
			{
				"indexed": false,
				"internalType": "bool",
				"name": "isTimeBoundLock",
				"type": "bool"
			},
			{
				"indexed": false,
				"internalType": "bool",
				"name": "isPenaltyCharged",
				"type": "bool"
			},
			{
				"indexed": false,
				"internalType": "bool",
				"name": "isFixedAPY",
				"type": "bool"
			}
		],
		"name": "StakingProgramInitialized",
		"type": "event"
	},
	{
		"inputs": [
			{
				"internalType": "address",
				"name": "newOwner",
				"type": "address"
			}
		],
		"name": "transferOwnership",
		"outputs": [],
		"stateMutability": "nonpayable",
		"type": "function"
	},
	{
		"anonymous": false,
		"inputs": [
			{
				"indexed": true,
				"internalType": "address",
				"name": "user",
				"type": "address"
			},
			{
				"indexed": true,
				"internalType": "uint256",
				"name": "period",
				"type": "uint256"
			},
			{
				"indexed": true,
				"internalType": "uint256",
				"name": "withdrawalAmount",
				"type": "uint256"
			},
			{
				"indexed": false,
				"internalType": "uint256",
				"name": "rewardAmount",
				"type": "uint256"
			}
		],
		"name": "Withdraw",
		"type": "event"
	},
	{
		"inputs": [],
		"name": "withdrawCollectedFees",
		"outputs": [],
		"stateMutability": "nonpayable",
		"type": "function"
	},
	{
		"anonymous": false,
		"inputs": [
			{
				"indexed": true,
				"internalType": "uint256",
				"name": "totalFeeCollected",
				"type": "uint256"
			}
		],
		"name": "WithdrawFees",
		"type": "event"
	},
	{
		"inputs": [
			{
				"internalType": "uint256",
				"name": "amount_",
				"type": "uint256"
			}
		],
		"name": "withdrawLiquidity",
		"outputs": [],
		"stateMutability": "nonpayable",
		"type": "function"
	},
	{
		"inputs": [],
		"name": "_endTime",
		"outputs": [
			{
				"internalType": "uint256",
				"name": "",
				"type": "uint256"
			}
		],
		"stateMutability": "view",
		"type": "function"
	},
	{
		"inputs": [],
		"name": "_feeCollector",
		"outputs": [
			{
				"internalType": "address",
				"name": "",
				"type": "address"
			}
		],
		"stateMutability": "view",
		"type": "function"
	},
	{
		"inputs": [
			{
				"internalType": "uint256",
				"name": "",
				"type": "uint256"
			}
		],
		"name": "_fixedAPYs",
		"outputs": [
			{
				"internalType": "uint256",
				"name": "",
				"type": "uint256"
			}
		],
		"stateMutability": "view",
		"type": "function"
	},
	{
		"inputs": [],
		"name": "_isEarlyWithdrawAllowed",
		"outputs": [
			{
				"internalType": "bool",
				"name": "",
				"type": "bool"
			}
		],
		"stateMutability": "view",
		"type": "function"
	},
	{
		"inputs": [],
		"name": "_isFixedAPY",
		"outputs": [
			{
				"internalType": "bool",
				"name": "",
				"type": "bool"
			}
		],
		"stateMutability": "view",
		"type": "function"
	},
	{
		"inputs": [],
		"name": "_isInitialized",
		"outputs": [
			{
				"internalType": "bool",
				"name": "",
				"type": "bool"
			}
		],
		"stateMutability": "view",
		"type": "function"
	},
	{
		"inputs": [],
		"name": "_isPenaltyCharged",
		"outputs": [
			{
				"internalType": "bool",
				"name": "",
				"type": "bool"
			}
		],
		"stateMutability": "view",
		"type": "function"
	},
	{
		"inputs": [],
		"name": "_isTimeBoundLock",
		"outputs": [
			{
				"internalType": "bool",
				"name": "",
				"type": "bool"
			}
		],
		"stateMutability": "view",
		"type": "function"
	},
	{
		"inputs": [],
		"name": "_paidOut",
		"outputs": [
			{
				"internalType": "uint256",
				"name": "",
				"type": "uint256"
			}
		],
		"stateMutability": "view",
		"type": "function"
	},
	{
		"inputs": [
			{
				"internalType": "uint256",
				"name": "",
				"type": "uint256"
			}
		],
		"name": "_penalties",
		"outputs": [
			{
				"internalType": "uint256",
				"name": "",
				"type": "uint256"
			}
		],
		"stateMutability": "view",
		"type": "function"
	},
	{
		"inputs": [
			{
				"internalType": "uint256",
				"name": "",
				"type": "uint256"
			}
		],
		"name": "_poolInfo",
		"outputs": [
			{
				"internalType": "uint256",
				"name": "allocPoint",
				"type": "uint256"
			},
			{
				"internalType": "uint256",
				"name": "lastRewardTime",
				"type": "uint256"
			},
			{
				"internalType": "uint256",
				"name": "accERC20PerShare",
				"type": "uint256"
			},
			{
				"internalType": "uint256",
				"name": "fixedAPY",
				"type": "uint256"
			},
			{
				"internalType": "uint256",
				"name": "penalty",
				"type": "uint256"
			},
			{
				"internalType": "uint256",
				"name": "totalDeposits",
				"type": "uint256"
			}
		],
		"stateMutability": "view",
		"type": "function"
	},
	{
		"inputs": [],
		"name": "_rewardPerSecond",
		"outputs": [
			{
				"internalType": "uint256",
				"name": "",
				"type": "uint256"
			}
		],
		"stateMutability": "view",
		"type": "function"
	},
	{
		"inputs": [],
		"name": "_rewardToken",
		"outputs": [
			{
				"internalType": "contract IERC20",
				"name": "",
				"type": "address"
			}
		],
		"stateMutability": "view",
		"type": "function"
	},
	{
		"inputs": [],
		"name": "_stakedToken",
		"outputs": [
			{
				"internalType": "contract IERC20",
				"name": "",
				"type": "address"
			}
		],
		"stateMutability": "view",
		"type": "function"
	},
	{
		"inputs": [],
		"name": "_stakeFeePercent",
		"outputs": [
			{
				"internalType": "uint256",
				"name": "",
				"type": "uint256"
			}
		],
		"stateMutability": "view",
		"type": "function"
	},
	{
		"inputs": [],
		"name": "_startTime",
		"outputs": [
			{
				"internalType": "uint256",
				"name": "",
				"type": "uint256"
			}
		],
		"stateMutability": "view",
		"type": "function"
	},
	{
		"inputs": [
			{
				"internalType": "uint256",
				"name": "",
				"type": "uint256"
			}
		],
		"name": "_timePeriods",
		"outputs": [
			{
				"internalType": "uint256",
				"name": "",
				"type": "uint256"
			}
		],
		"stateMutability": "view",
		"type": "function"
	},
	{
		"inputs": [],
		"name": "_totalAllocPoints",
		"outputs": [
			{
				"internalType": "uint256",
				"name": "",
				"type": "uint256"
			}
		],
		"stateMutability": "view",
		"type": "function"
	},
	{
		"inputs": [],
		"name": "_totalCurrentRewards",
		"outputs": [
			{
				"internalType": "uint256",
				"name": "",
				"type": "uint256"
			}
		],
		"stateMutability": "view",
		"type": "function"
	},
	{
		"inputs": [],
		"name": "_totalFeeCollected",
		"outputs": [
			{
				"internalType": "uint256",
				"name": "",
				"type": "uint256"
			}
		],
		"stateMutability": "view",
		"type": "function"
	},
	{
		"inputs": [],
		"name": "_totalFundedRewards",
		"outputs": [
			{
				"internalType": "uint256",
				"name": "",
				"type": "uint256"
			}
		],
		"stateMutability": "view",
		"type": "function"
	},
	{
		"inputs": [
			{
				"internalType": "address",
				"name": "",
				"type": "address"
			},
			{
				"internalType": "uint256",
				"name": "",
				"type": "uint256"
			}
		],
		"name": "_userInfo",
		"outputs": [
			{
				"internalType": "uint256",
				"name": "amount",
				"type": "uint256"
			},
			{
				"internalType": "uint256",
				"name": "rewardDebt",
				"type": "uint256"
			},
			{
				"internalType": "uint256",
				"name": "depositTime",
				"type": "uint256"
			},
			{
				"internalType": "uint256",
				"name": "withdrawTime",
				"type": "uint256"
			}
		],
		"stateMutability": "view",
		"type": "function"
	},
	{
		"inputs": [],
		"name": "FEE_DENOMINATOR",
		"outputs": [
			{
				"internalType": "uint256",
				"name": "",
				"type": "uint256"
			}
		],
		"stateMutability": "view",
		"type": "function"
	},
	{
		"inputs": [],
		"name": "owner",
		"outputs": [
			{
				"internalType": "address",
				"name": "",
				"type": "address"
			}
		],
		"stateMutability": "view",
		"type": "function"
	},
	{
		"inputs": [],
		"name": "PRECISION_FACTOR",
		"outputs": [
			{
				"internalType": "uint256",
				"name": "",
				"type": "uint256"
			}
		],
		"stateMutability": "view",
		"type": "function"
	},
	{
		"inputs": [],
		"name": "STAKE_FACTORY",
		"outputs": [
			{
				"internalType": "address",
				"name": "",
				"type": "address"
			}
		],
		"stateMutability": "view",
		"type": "function"
	}
]